{"144602215":{"statHash":144602215,"statName":"Intellect","statDescription":"Decreases the cooldown of your super ability.\n\nIntellect can be increased by your Armor.","icon":"/common/destiny_content/icons/52fcfe0b1f45f67d454a734061f1c43f.png","statIdentifier":"STAT_INTELLECT","interpolate":false,"hash":144602215,"index":0},"155624089":{"statHash":155624089,"statName":"Stability","statDescription":"Decreases weapon recoil when fired continuously.","icon":"/img/misc/missing_icon.png","statIdentifier":"STAT_STABILITY","interpolate":false,"hash":155624089,"index":0},"209426660":{"statHash":209426660,"statName":"Defense","statDescription":"Damage reduction while using this weapon.","icon":"/img/misc/missing_icon.png","statIdentifier":"STAT_DAMAGE_REDUCTION","interpolate":false,"hash":209426660,"index":0},"360359141":{"statHash":360359141,"statName":"Durability","statDescription":"Higher Durability allows your vehicle to take more damage before failing.","icon":"/img/misc/missing_icon.png","statIdentifier":"STAT_DURABILITY","interpolate":false,"hash":360359141,"index":0},"368428387":{"statHash":368428387,"statName":"Attack","statDescription":"Higher Attack allows your weapons to damage higher-level opponents.","icon":"/img/misc/missing_icon.png","statIdentifier":"STAT_DAMAGE","interpolate":false,"hash":368428387,"index":0},"392767087":{"statHash":392767087,"statName":"Armor","statDescription":"Increases the amount of damage you can take before dying.","icon":"/img/misc/missing_icon.png","statIdentifier":"STAT_ARMOR","interpolate":false,"hash":392767087,"index":0},"925767036":{"statHash":925767036,"statName":"Energy","statDescription":"How many attacks can be launched before energy is depleted.","icon":"/img/misc/missing_icon.png","statIdentifier":"STAT_ATTACK_ENERGY","interpolate":false,"hash":925767036,"index":0},"943549884":{"statHash":943549884,"statName":"Equip Speed","statDescription":"The speed with which the weapon can be readied and aimed.","icon":"/img/misc/missing_icon.png","statIdentifier":"STAT_EQUIP_SPEED","interpolate":false,"hash":943549884,"index":0},"1240592695":{"statHash":1240592695,"statName":"Range","statDescription":"Increases the effective range of this weapon.","icon":"/img/misc/missing_icon.png","statIdentifier":"STAT_RANGE","interpolate":false,"hash":1240592695,"index":0},"1345609583":{"statHash":1345609583,"statName":"Aim assistance","statDescription":"The weapon's ability to augment your aim.","icon":"/img/misc/missing_icon.png","statIdentifier":"STAT_AIM_ASSISTANCE","interpolate":false,"hash":1345609583,"index":0},"1501155019":{"statHash":1501155019,"statName":"Speed","statDescription":"How fast this vehicle travels over land.","icon":"/img/misc/missing_icon.png","statIdentifier":"STAT_SPEED","interpolate":false,"hash":1501155019,"index":0},"1735777505":{"statHash":1735777505,"statName":"Discipline","statDescription":"Discipline decreases the cooldown time of your grenades, allowing you to use them more often.\n\nFind and equip armor with Discipline to boost this effect.","icon":"/common/destiny_content/icons/ca6b054ec19854867bdbadc09ff33e4d.png","statIdentifier":"STAT_DISCIPLINE","interpolate":false,"hash":1735777505,"index":0},"1931675084":{"statHash":1931675084,"statName":"Inventory Size","statDescription":"How much space the weapon occupies in the inventory.","icon":"/img/misc/missing_icon.png","statIdentifier":"STAT_INVENTORY_SIZE","interpolate":false,"hash":1931675084,"index":0},"1943323491":{"statHash":1943323491,"statName":"Recovery","statDescription":"Increases the speed at which you regain lost health.","icon":"/img/misc/missing_icon.png","statIdentifier":"STAT_RECOVERY","interpolate":false,"hash":1943323491,"index":0},"2391494160":{"statHash":2391494160,"statName":"Light","statDescription":"Light increases your level, increasing the damage your abilities deal against higher-level enemies.","icon":"/common/destiny_content/icons/d65ce04535a74409de4771a06bb86198.png","statIdentifier":"STAT_LIGHT","interpolate":false,"hash":2391494160,"index":0},"2523465841":{"statHash":2523465841,"statName":"Velocity","statDescription":"Increases the speed of projectiles fired by this weapon.","icon":"/img/misc/missing_icon.png","statIdentifier":"STAT_PROJECTILE_SPEED","interpolate":false,"hash":2523465841,"index":0},"2715839340":{"statHash":2715839340,"statName":"Recoil direction","statDescription":"The weapon's tendency to move while firing.","icon":"/img/misc/missing_icon.png","statIdentifier":"STAT_RECOIL_DIRECTION","interpolate":false,"hash":2715839340,"index":0},"2762071195":{"statHash":2762071195,"statName":"Efficiency","statDescription":"Energy lost when landing attacks with this weapon.","icon":"/img/misc/missing_icon.png","statIdentifier":"STAT_ATTACK_EFFICIENCY","interpolate":false,"hash":2762071195,"index":0},"2837207746":{"statHash":2837207746,"statName":"Speed","statDescription":"The speed at which you can launch attacks.","icon":"/img/misc/missing_icon.png","statIdentifier":"STAT_ATTACK_SPEED","interpolate":false,"hash":2837207746,"index":0},"2961396640":{"statHash":2961396640,"statName":"Charge Rate","statDescription":"Rate at which the weapon charges.","icon":"/img/misc/missing_icon.png","statIdentifier":"STAT_CHARGE_TIME","interpolate":false,"hash":2961396640,"index":0},"2996146975":{"statHash":2996146975,"statName":"Agility","statDescription":"Increases your movement speed and maximum jump height.","icon":"/img/misc/missing_icon.png","statIdentifier":"STAT_AGILITY","interpolate":false,"hash":2996146975,"index":0},"3017642079":{"statHash":3017642079,"statName":"Boost","statDescription":"How much speed can be gained from boosting.","icon":"/img/misc/missing_icon.png","statIdentifier":"STAT_BOOST","interpolate":false,"hash":3017642079,"index":0},"3291498656":{"statHash":3291498656,"icon":"/img/misc/missing_icon.png","statIdentifier":"STAT_PLACEHOLDER_1","interpolate":false,"hash":3291498656,"index":0},"3291498658":{"statHash":3291498658,"icon":"/img/misc/missing_icon.png","statIdentifier":"STAT_PLACEHOLDER_3","interpolate":false,"hash":3291498658,"index":0},"3291498659":{"statHash":3291498659,"icon":"/img/misc/missing_icon.png","statIdentifier":"STAT_PLACEHOLDER_2","interpolate":false,"hash":3291498659,"index":0},"3555269338":{"statHash":3555269338,"statName":"Optics","statDescription":"Optical Zoom Multiplier","icon":"/img/misc/missing_icon.png","statIdentifier":"STAT_OPTICS","interpolate":false,"hash":3555269338,"index":0},"3597844532":{"statHash":3597844532,"statName":"Precision Damage","statDescription":"Damage when striking a target's weak points.","icon":"/img/misc/missing_icon.png","statIdentifier":"STAT_PRECISION_DAMAGE","interpolate":false,"hash":3597844532,"index":0},"3614673599":{"statHash":3614673599,"statName":"Blast Radius","statDescription":"Increases the explosion radius of this weapon.","icon":"/img/misc/missing_icon.png","statIdentifier":"STAT_BLAST_RADIUS","interpolate":false,"hash":3614673599,"index":0},"3871231066":{"statHash":3871231066,"statName":"Magazine","statDescription":"The number of shots which can be fired before reloading.","icon":"/img/misc/missing_icon.png","statIdentifier":"STAT_MAGAZINE_SIZE","interpolate":false,"hash":3871231066,"index":0},"3897883278":{"statHash":3897883278,"statName":"Defense","statDescription":"Reduces incoming damage from your enemies.","icon":"/img/misc/missing_icon.png","statIdentifier":"STAT_DEFENSE","interpolate":false,"hash":3897883278,"index":0},"3907551967":{"statHash":3907551967,"statName":"Move speed","statDescription":"Speed while carrying the weapon.","icon":"/img/misc/missing_icon.png","statIdentifier":"STAT_MOVE_SPEED","interpolate":false,"hash":3907551967,"index":0},"3988418950":{"statHash":3988418950,"statName":"ADS Speed","statDescription":"Speed while aiming down the sights.","icon":"/img/misc/missing_icon.png","statIdentifier":"STAT_ADS_SPEED","interpolate":false,"hash":3988418950,"index":0},"4043523819":{"statHash":4043523819,"statName":"Impact","statDescription":"Increases the damage inflicted by each round.","icon":"/img/misc/missing_icon.png","statIdentifier":"STAT_BASE_DAMAGE","interpolate":false,"hash":4043523819,"index":0},"4188031367":{"statHash":4188031367,"statName":"Reload","statDescription":"Decreases the time it takes to reload this weapon.","icon":"/img/misc/missing_icon.png","statIdentifier":"STAT_RELOAD","interpolate":false,"hash":4188031367,"index":0},"4244567218":{"statHash":4244567218,"statName":"Strength","statDescription":"Strength reduces the cooldown time of your melee ability, allowing you to use it more often.\n\nFind and equip armor with Strength to boost this effect.","icon":"/common/destiny_content/icons/d4b29155fcdc9ef9c887c8d8e31017ea.png","statIdentifier":"STAT_STRENGTH","interpolate":false,"hash":4244567218,"index":0},"4284893193":{"statHash":4284893193,"statName":"Rate of Fire","statDescription":"The number of shots per minute this weapon can fire.","icon":"/img/misc/missing_icon.png","statIdentifier":"STAT_RATE_OF_FIRE","interpolate":false,"hash":4284893193,"index":0}}